{
   "log":{
      "loglevel":"warning"
   },
   "inbounds":[
      {
         "port":2002,
         "protocol":"vmess",
         "settings":{
            "clients":[
               {
                  "id":"sandbox",
               }
            ],
			"disableInsecureEncryption": true
         },
         "streamSettings":{
            "network":"ws",
            "security":"none",
            "wsSettings": {
              "path": "/"
            }
         }
      }
   ],
   "outbounds": [
    {
      "protocol": "freedom",
      "settings": {}
    }
  ]
}